IP地址	端口	TLS	数据中心	地区	城市	网络延迟	下载速度
47.76.33.40	2083	TRUE	HKG	Asia Pacific	Hong Kong	62 ms	22333 kB/s
47.76.37.57	2096	TRUE	HKG	Asia Pacific	Hong Kong	83 ms	21489 kB/s
8.217.145.40	2083	TRUE	HKG	Asia Pacific	Hong Kong	66 ms	20966 kB/s
47.76.159.146	8443	TRUE	HKG	Asia Pacific	Hong Kong	72 ms	20743 kB/s
8.210.39.96	2083	TRUE	HKG	Asia Pacific	Hong Kong	78 ms	17544 kB/s
8.217.232.246	2053	TRUE	HKG	Asia Pacific	Hong Kong	74 ms	17190 kB/s
8.210.119.11	2096	TRUE	HKG	Asia Pacific	Hong Kong	57 ms	16936 kB/s
47.242.174.27	2096	TRUE	HKG	Asia Pacific	Hong Kong	129 ms	16601 kB/s
47.243.74.220	2083	TRUE	HKG	Asia Pacific	Hong Kong	76 ms	16477 kB/s
47.238.40.58	2087	TRUE	HKG	Asia Pacific	Hong Kong	61 ms	15535 kB/s
8.210.101.157	2053	TRUE	HKG	Asia Pacific	Hong Kong	60 ms	15407 kB/s
8.218.2.181	2053	TRUE	HKG	Asia Pacific	Hong Kong	67 ms	15346 kB/s
47.243.60.150	2083	TRUE	HKG	Asia Pacific	Hong Kong	125 ms	15199 kB/s
47.76.159.146	2053	TRUE	HKG	Asia Pacific	Hong Kong	84 ms	15166 kB/s
8.217.127.73	2053	TRUE	HKG	Asia Pacific	Hong Kong	70 ms	14887 kB/s
47.242.252.237	2083	TRUE	HKG	Asia Pacific	Hong Kong	80 ms	14813 kB/s
47.243.86.79	2087	TRUE	HKG	Asia Pacific	Hong Kong	89 ms	14747 kB/s
47.76.77.103	2083	TRUE	HKG	Asia Pacific	Hong Kong	98 ms	14501 kB/s
8.217.147.230	2053	TRUE	HKG	Asia Pacific	Hong Kong	56 ms	14191 kB/s
47.242.234.127	2053	TRUE	HKG	Asia Pacific	Hong Kong	80 ms	14046 kB/s
8.218.142.253	2053	TRUE	HKG	Asia Pacific	Hong Kong	69 ms	13971 kB/s
47.243.27.217	2087	TRUE	HKG	Asia Pacific	Hong Kong	71 ms	13883 kB/s
47.242.176.237	2087	TRUE	HKG	Asia Pacific	Hong Kong	113 ms	13113 kB/s
8.218.74.119	2083	TRUE	HKG	Asia Pacific	Hong Kong	66 ms	12857 kB/s
47.242.174.27	8443	TRUE	HKG	Asia Pacific	Hong Kong	132 ms	12618 kB/s
8.217.85.14	2083	TRUE	HKG	Asia Pacific	Hong Kong	58 ms	12345 kB/s
8.218.53.110	2096	TRUE	HKG	Asia Pacific	Hong Kong	57 ms	12287 kB/s
47.243.74.220	2053	TRUE	HKG	Asia Pacific	Hong Kong	87 ms	12121 kB/s
8.217.145.40	2087	TRUE	HKG	Asia Pacific	Hong Kong	69 ms	11960 kB/s
8.210.21.65	8443	TRUE	HKG	Asia Pacific	Hong Kong	84 ms	11924 kB/s
47.242.174.27	2053	TRUE	HKG	Asia Pacific	Hong Kong	98 ms	11902 kB/s
8.210.119.11	2087	TRUE	HKG	Asia Pacific	Hong Kong	64 ms	11750 kB/s
47.242.155.183	2096	TRUE	HKG	Asia Pacific	Hong Kong	55 ms	11557 kB/s
47.242.54.157	8443	TRUE	HKG	Asia Pacific	Hong Kong	71 ms	11551 kB/s
8.218.74.119	2096	TRUE	HKG	Asia Pacific	Hong Kong	66 ms	11420 kB/s
47.243.139.85	2096	TRUE	HKG	Asia Pacific	Hong Kong	101 ms	11400 kB/s
8.218.74.119	8443	TRUE	HKG	Asia Pacific	Hong Kong	69 ms	11365 kB/s
47.242.17.250	2087	TRUE	HKG	Asia Pacific	Hong Kong	78 ms	11335 kB/s
8.210.48.107	2053	TRUE	HKG	Asia Pacific	Hong Kong	81 ms	11092 kB/s
47.242.155.183	2087	TRUE	HKG	Asia Pacific	Hong Kong	65 ms	11075 kB/s
47.243.206.150	2053	TRUE	HKG	Asia Pacific	Hong Kong	124 ms	11059 kB/s
47.243.42.219	2053	TRUE	HKG	Asia Pacific	Hong Kong	130 ms	11036 kB/s
47.76.37.57	8443	TRUE	HKG	Asia Pacific	Hong Kong	71 ms	11032 kB/s
8.218.143.10	2096	TRUE	HKG	Asia Pacific	Hong Kong	61 ms	11031 kB/s
47.242.155.183	2083	TRUE	HKG	Asia Pacific	Hong Kong	64 ms	10924 kB/s
47.242.157.96	2096	TRUE	HKG	Asia Pacific	Hong Kong	62 ms	10924 kB/s
8.210.21.65	2096	TRUE	HKG	Asia Pacific	Hong Kong	63 ms	10741 kB/s
47.76.178.146	2083	TRUE	HKG	Asia Pacific	Hong Kong	68 ms	10731 kB/s
8.218.143.10	2087	TRUE	HKG	Asia Pacific	Hong Kong	63 ms	10662 kB/s
8.210.48.107	2083	TRUE	HKG	Asia Pacific	Hong Kong	76 ms	10534 kB/s
47.76.37.57	2087	TRUE	HKG	Asia Pacific	Hong Kong	68 ms	10379 kB/s
47.242.171.94	2053	TRUE	HKG	Asia Pacific	Hong Kong	81 ms	10354 kB/s
47.243.5.154	8443	TRUE	HKG	Asia Pacific	Hong Kong	127 ms	10340 kB/s
47.76.37.57	2083	TRUE	HKG	Asia Pacific	Hong Kong	65 ms	10260 kB/s
47.242.59.216	2096	TRUE	HKG	Asia Pacific	Hong Kong	74 ms	10178 kB/s
8.210.207.214	2087	TRUE	HKG	Asia Pacific	Hong Kong	61 ms	10142 kB/s
47.242.36.78	2053	TRUE	HKG	Asia Pacific	Hong Kong	76 ms	9988 kB/s
47.243.60.150	2053	TRUE	HKG	Asia Pacific	Hong Kong	105 ms	9947 kB/s
47.76.33.40	2087	TRUE	HKG	Asia Pacific	Hong Kong	76 ms	9918 kB/s
47.76.32.108	2096	TRUE	HKG	Asia Pacific	Hong Kong	60 ms	9791 kB/s
8.217.85.14	2053	TRUE	HKG	Asia Pacific	Hong Kong	64 ms	9788 kB/s
8.210.48.107	2087	TRUE	HKG	Asia Pacific	Hong Kong	60 ms	9780 kB/s
47.243.169.63	2083	TRUE	HKG	Asia Pacific	Hong Kong	80 ms	9756 kB/s
8.218.142.253	2083	TRUE	HKG	Asia Pacific	Hong Kong	61 ms	9718 kB/s
8.218.143.10	2053	TRUE	HKG	Asia Pacific	Hong Kong	65 ms	9297 kB/s
8.217.232.246	8443	TRUE	HKG	Asia Pacific	Hong Kong	65 ms	9273 kB/s
47.243.169.63	2053	TRUE	HKG	Asia Pacific	Hong Kong	87 ms	9265 kB/s
47.242.36.78	8443	TRUE	HKG	Asia Pacific	Hong Kong	72 ms	9116 kB/s
8.210.146.108	2083	TRUE	HKG	Asia Pacific	Hong Kong	61 ms	9089 kB/s
47.76.33.40	8443	TRUE	HKG	Asia Pacific	Hong Kong	75 ms	9088 kB/s
8.210.48.107	8443	TRUE	HKG	Asia Pacific	Hong Kong	61 ms	9084 kB/s
47.242.59.216	2087	TRUE	HKG	Asia Pacific	Hong Kong	74 ms	9079 kB/s
47.243.139.243	2087	TRUE	HKG	Asia Pacific	Hong Kong	95 ms	9012 kB/s
8.210.207.214	2096	TRUE	HKG	Asia Pacific	Hong Kong	62 ms	8941 kB/s
8.210.21.65	2083	TRUE	HKG	Asia Pacific	Hong Kong	71 ms	8866 kB/s
47.243.107.148	2096	TRUE	HKG	Asia Pacific	Hong Kong	99 ms	8835 kB/s
47.243.173.187	2053	TRUE	HKG	Asia Pacific	Hong Kong	107 ms	8830 kB/s
8.210.39.96	2087	TRUE	HKG	Asia Pacific	Hong Kong	76 ms	8769 kB/s
47.243.173.187	2083	TRUE	HKG	Asia Pacific	Hong Kong	123 ms	8743 kB/s
47.242.174.27	2083	TRUE	HKG	Asia Pacific	Hong Kong	110 ms	8713 kB/s
8.217.147.230	8443	TRUE	HKG	Asia Pacific	Hong Kong	82 ms	8665 kB/s
8.210.174.156	2083	TRUE	HKG	Asia Pacific	Hong Kong	62 ms	8644 kB/s
47.76.159.146	2083	TRUE	HKG	Asia Pacific	Hong Kong	79 ms	8596 kB/s
47.243.206.150	2083	TRUE	HKG	Asia Pacific	Hong Kong	119 ms	8594 kB/s
47.243.91.58	2083	TRUE	HKG	Asia Pacific	Hong Kong	76 ms	8591 kB/s
8.217.164.10	2083	TRUE	HKG	Asia Pacific	Hong Kong	88 ms	8590 kB/s
47.243.42.219	2087	TRUE	HKG	Asia Pacific	Hong Kong	90 ms	8540 kB/s
47.243.203.119	2096	TRUE	HKG	Asia Pacific	Hong Kong	90 ms	8475 kB/s
8.217.232.246	2087	TRUE	HKG	Asia Pacific	Hong Kong	72 ms	8431 kB/s
47.243.173.187	2087	TRUE	HKG	Asia Pacific	Hong Kong	115 ms	8353 kB/s
47.243.139.243	2096	TRUE	HKG	Asia Pacific	Hong Kong	90 ms	8266 kB/s
8.218.143.10	2083	TRUE	HKG	Asia Pacific	Hong Kong	63 ms	8259 kB/s
47.242.17.250	2083	TRUE	HKG	Asia Pacific	Hong Kong	99 ms	8232 kB/s
47.242.79.71	2053	TRUE	HKG	Asia Pacific	Hong Kong	109 ms	8218 kB/s
8.210.9.129	2053	TRUE	HKG	Asia Pacific	Hong Kong	71 ms	8216 kB/s
47.76.33.40	2096	TRUE	HKG	Asia Pacific	Hong Kong	62 ms	8197 kB/s
47.76.159.146	2087	TRUE	HKG	Asia Pacific	Hong Kong	72 ms	8195 kB/s
47.243.139.243	2053	TRUE	HKG	Asia Pacific	Hong Kong	93 ms	8168 kB/s
47.243.234.9	2083	TRUE	HKG	Asia Pacific	Hong Kong	129 ms	8155 kB/s
47.243.169.63	8443	TRUE	HKG	Asia Pacific	Hong Kong	123 ms	7958 kB/s
8.210.192.93	2053	TRUE	HKG	Asia Pacific	Hong Kong	65 ms	7940 kB/s
8.217.159.210	2087	TRUE	HKG	Asia Pacific	Hong Kong	99 ms	7932 kB/s
8.219.110.81	2053	TRUE	SIN	Asia Pacific	Singapore	219 ms	7913 kB/s
47.242.59.216	8443	TRUE	HKG	Asia Pacific	Hong Kong	67 ms	7659 kB/s
47.243.183.127	2096	TRUE	HKG	Asia Pacific	Hong Kong	118 ms	7650 kB/s
47.243.139.243	8443	TRUE	HKG	Asia Pacific	Hong Kong	89 ms	7644 kB/s
47.242.157.96	2083	TRUE	HKG	Asia Pacific	Hong Kong	60 ms	7620 kB/s
8.217.147.230	2087	TRUE	HKG	Asia Pacific	Hong Kong	61 ms	7614 kB/s
47.242.17.250	2096	TRUE	HKG	Asia Pacific	Hong Kong	83 ms	7600 kB/s
8.219.106.156	443	TRUE	SIN	Asia Pacific	Singapore	221 ms	7586 kB/s
8.210.3.24	2053	TRUE	HKG	Asia Pacific	Hong Kong	68 ms	7569 kB/s
47.243.139.85	2053	TRUE	HKG	Asia Pacific	Hong Kong	105 ms	7564 kB/s
47.243.234.9	8443	TRUE	HKG	Asia Pacific	Hong Kong	95 ms	7556 kB/s
47.237.84.173	8443	TRUE	SIN	Asia Pacific	Singapore	218 ms	7552 kB/s
8.222.237.131	2083	TRUE	SIN	Asia Pacific	Singapore	218 ms	7506 kB/s
8.210.174.156	2053	TRUE	HKG	Asia Pacific	Hong Kong	66 ms	7502 kB/s
47.242.252.237	2096	TRUE	HKG	Asia Pacific	Hong Kong	102 ms	7491 kB/s
47.243.107.148	2083	TRUE	HKG	Asia Pacific	Hong Kong	148 ms	7452 kB/s
47.236.102.102	8443	TRUE	SIN	Asia Pacific	Singapore	210 ms	7426 kB/s
47.243.203.119	2053	TRUE	HKG	Asia Pacific	Hong Kong	102 ms	7408 kB/s
47.243.60.150	8443	TRUE	HKG	Asia Pacific	Hong Kong	102 ms	7407 kB/s
47.243.173.187	2096	TRUE	HKG	Asia Pacific	Hong Kong	102 ms	7392 kB/s
47.243.91.58	2087	TRUE	HKG	Asia Pacific	Hong Kong	76 ms	7273 kB/s
8.219.161.129	2083	TRUE	SIN	Asia Pacific	Singapore	226 ms	7268 kB/s
47.243.234.9	2087	TRUE	HKG	Asia Pacific	Hong Kong	80 ms	7241 kB/s
8.219.120.87	2083	TRUE	SIN	Asia Pacific	Singapore	230 ms	7218 kB/s
8.219.126.240	2083	TRUE	SIN	Asia Pacific	Singapore	229 ms	7202 kB/s
47.237.8.82	2083	TRUE	SIN	Asia Pacific	Singapore	212 ms	7172 kB/s
47.243.139.85	8443	TRUE	HKG	Asia Pacific	Hong Kong	85 ms	7162 kB/s
8.218.143.10	8443	TRUE	HKG	Asia Pacific	Hong Kong	75 ms	7131 kB/s
47.236.102.102	2083	TRUE	SIN	Asia Pacific	Singapore	212 ms	7125 kB/s
47.243.203.119	2087	TRUE	HKG	Asia Pacific	Hong Kong	95 ms	7109 kB/s
8.219.106.156	2096	TRUE	SIN	Asia Pacific	Singapore	213 ms	7080 kB/s
47.76.178.146	2053	TRUE	HKG	Asia Pacific	Hong Kong	59 ms	7010 kB/s
47.76.178.146	2087	TRUE	HKG	Asia Pacific	Hong Kong	65 ms	7000 kB/s
8.219.113.232	2053	TRUE	SIN	Asia Pacific	Singapore	233 ms	6987 kB/s
47.242.54.157	2096	TRUE	HKG	Asia Pacific	Hong Kong	75 ms	6961 kB/s
47.242.252.237	2053	TRUE	HKG	Asia Pacific	Hong Kong	82 ms	6959 kB/s
47.242.155.183	8443	TRUE	HKG	Asia Pacific	Hong Kong	60 ms	6946 kB/s
8.210.192.93	8443	TRUE	HKG	Asia Pacific	Hong Kong	85 ms	6920 kB/s
47.245.118.70	2096	TRUE	SIN	Asia Pacific	Singapore	250 ms	6901 kB/s
8.219.111.175	2087	TRUE	SIN	Asia Pacific	Singapore	242 ms	6887 kB/s
8.219.200.145	2053	TRUE	SIN	Asia Pacific	Singapore	214 ms	6880 kB/s
47.242.252.237	2087	TRUE	HKG	Asia Pacific	Hong Kong	82 ms	6842 kB/s
47.243.107.148	2053	TRUE	HKG	Asia Pacific	Hong Kong	100 ms	6796 kB/s
8.219.114.201	443	TRUE	SIN	Asia Pacific	Singapore	215 ms	6795 kB/s
47.242.17.250	8443	TRUE	HKG	Asia Pacific	Hong Kong	91 ms	6781 kB/s
8.218.53.110	2083	TRUE	HKG	Asia Pacific	Hong Kong	60 ms	6770 kB/s
47.242.234.127	2087	TRUE	HKG	Asia Pacific	Hong Kong	78 ms	6694 kB/s
8.219.83.71	2096	TRUE	SIN	Asia Pacific	Singapore	240 ms	6668 kB/s
47.242.176.237	8443	TRUE	HKG	Asia Pacific	Hong Kong	83 ms	6655 kB/s
47.242.157.96	2087	TRUE	HKG	Asia Pacific	Hong Kong	72 ms	6651 kB/s
8.222.179.231	2083	TRUE	SIN	Asia Pacific	Singapore	209 ms	6642 kB/s
47.76.32.108	2083	TRUE	HKG	Asia Pacific	Hong Kong	86 ms	6613 kB/s
8.219.126.240	8443	TRUE	SIN	Asia Pacific	Singapore	252 ms	6581 kB/s
8.217.147.230	2083	TRUE	HKG	Asia Pacific	Hong Kong	63 ms	6578 kB/s
8.217.250.222	2096	TRUE	HKG	Asia Pacific	Hong Kong	62 ms	6549 kB/s
47.242.157.96	2053	TRUE	HKG	Asia Pacific	Hong Kong	69 ms	6532 kB/s
47.245.114.163	2083	TRUE	SIN	Asia Pacific	Singapore	238 ms	6489 kB/s
8.210.207.214	8443	TRUE	HKG	Asia Pacific	Hong Kong	59 ms	6479 kB/s
47.76.77.103	2087	TRUE	HKG	Asia Pacific	Hong Kong	99 ms	6462 kB/s
8.218.122.55	2083	TRUE	HKG	Asia Pacific	Hong Kong	55 ms	6450 kB/s
8.210.156.6	2087	TRUE	HKG	Asia Pacific	Hong Kong	59 ms	6431 kB/s
8.217.127.73	2096	TRUE	HKG	Asia Pacific	Hong Kong	60 ms	6427 kB/s
47.245.102.52	2096	TRUE	SIN	Asia Pacific	Singapore	229 ms	6427 kB/s
47.243.91.58	2053	TRUE	HKG	Asia Pacific	Hong Kong	78 ms	6424 kB/s
8.219.117.198	2083	TRUE	SIN	Asia Pacific	Singapore	212 ms	6420 kB/s
8.210.3.24	2087	TRUE	HKG	Asia Pacific	Hong Kong	66 ms	6414 kB/s
47.236.164.215	8443	TRUE	SIN	Asia Pacific	Singapore	223 ms	6392 kB/s
8.217.250.222	2053	TRUE	HKG	Asia Pacific	Hong Kong	61 ms	6391 kB/s
47.242.36.78	2096	TRUE	HKG	Asia Pacific	Hong Kong	80 ms	6385 kB/s
47.243.173.187	8443	TRUE	HKG	Asia Pacific	Hong Kong	107 ms	6375 kB/s
8.219.4.122	2087	TRUE	SIN	Asia Pacific	Singapore	239 ms	6364 kB/s
8.210.245.224	2053	TRUE	HKG	Asia Pacific	Hong Kong	62 ms	6356 kB/s
8.219.110.81	2096	TRUE	SIN	Asia Pacific	Singapore	221 ms	6351 kB/s
8.219.194.170	2096	TRUE	SIN	Asia Pacific	Singapore	210 ms	6334 kB/s
47.236.167.231	2053	TRUE	SIN	Asia Pacific	Singapore	234 ms	6322 kB/s
8.219.200.145	2087	TRUE	SIN	Asia Pacific	Singapore	217 ms	6318 kB/s
47.236.167.231	2087	TRUE	SIN	Asia Pacific	Singapore	240 ms	6315 kB/s
8.219.142.191	2083	TRUE	SIN	Asia Pacific	Singapore	219 ms	6309 kB/s
8.217.127.73	2087	TRUE	HKG	Asia Pacific	Hong Kong	68 ms	6297 kB/s
8.222.156.242	8443	TRUE	SIN	Asia Pacific	Singapore	241 ms	6290 kB/s
47.237.8.82	2096	TRUE	SIN	Asia Pacific	Singapore	214 ms	6271 kB/s
8.219.177.205	2053	TRUE	SIN	Asia Pacific	Singapore	247 ms	6270 kB/s
8.219.114.201	2087	TRUE	SIN	Asia Pacific	Singapore	232 ms	6264 kB/s
8.219.0.162	2053	TRUE	SIN	Asia Pacific	Singapore	243 ms	6261 kB/s
8.219.209.14	2087	TRUE	SIN	Asia Pacific	Singapore	212 ms	6249 kB/s
8.219.78.188	2096	TRUE	SIN	Asia Pacific	Singapore	223 ms	6225 kB/s
47.236.180.51	2096	TRUE	SIN	Asia Pacific	Singapore	249 ms	6210 kB/s
8.219.142.191	2053	TRUE	SIN	Asia Pacific	Singapore	220 ms	6171 kB/s
8.219.191.110	2087	TRUE	SIN	Asia Pacific	Singapore	210 ms	6129 kB/s
47.243.206.150	2087	TRUE	HKG	Asia Pacific	Hong Kong	123 ms	6123 kB/s
47.243.183.127	2053	TRUE	HKG	Asia Pacific	Hong Kong	121 ms	6123 kB/s
47.236.174.206	2083	TRUE	SIN	Asia Pacific	Singapore	256 ms	6116 kB/s
47.242.171.94	2087	TRUE	HKG	Asia Pacific	Hong Kong	109 ms	6115 kB/s
47.236.253.41	2087	TRUE	SIN	Asia Pacific	Singapore	252 ms	6101 kB/s
8.219.174.142	2087	TRUE	SIN	Asia Pacific	Singapore	241 ms	6092 kB/s
8.219.199.220	8443	TRUE	SIN	Asia Pacific	Singapore	211 ms	6086 kB/s
8.219.191.40	2087	TRUE	SIN	Asia Pacific	Singapore	235 ms	6064 kB/s
8.222.134.170	2096	TRUE	SIN	Asia Pacific	Singapore	255 ms	6056 kB/s
47.243.42.219	8443	TRUE	HKG	Asia Pacific	Hong Kong	129 ms	6055 kB/s
8.219.111.175	2053	TRUE	SIN	Asia Pacific	Singapore	226 ms	6053 kB/s
8.219.11.158	2087	TRUE	SIN	Asia Pacific	Singapore	218 ms	6031 kB/s
47.236.180.24	2096	TRUE	SIN	Asia Pacific	Singapore	217 ms	6006 kB/s
47.236.254.120	2087	TRUE	SIN	Asia Pacific	Singapore	225 ms	5983 kB/s
8.210.21.65	2053	TRUE	HKG	Asia Pacific	Hong Kong	75 ms	5972 kB/s
47.243.42.219	2083	TRUE	HKG	Asia Pacific	Hong Kong	105 ms	5969 kB/s
47.242.79.71	8443	TRUE	HKG	Asia Pacific	Hong Kong	70 ms	5961 kB/s
8.217.248.220	2083	TRUE	HKG	Asia Pacific	Hong Kong	57 ms	5953 kB/s
8.222.181.117	2083	TRUE	SIN	Asia Pacific	Singapore	247 ms	5937 kB/s
8.219.193.202	2096	TRUE	SIN	Asia Pacific	Singapore	214 ms	5915 kB/s
8.219.139.13	2053	TRUE	SIN	Asia Pacific	Singapore	224 ms	5902 kB/s
8.219.117.198	8443	TRUE	SIN	Asia Pacific	Singapore	212 ms	5896 kB/s
47.245.118.70	2083	TRUE	SIN	Asia Pacific	Singapore	232 ms	5894 kB/s
8.210.21.65	2087	TRUE	HKG	Asia Pacific	Hong Kong	64 ms	5889 kB/s
8.219.147.58	8443	TRUE	SIN	Asia Pacific	Singapore	239 ms	5880 kB/s
8.219.49.65	2087	TRUE	SIN	Asia Pacific	Singapore	216 ms	5855 kB/s
8.222.164.209	2096	TRUE	SIN	Asia Pacific	Singapore	241 ms	5850 kB/s
47.243.206.150	2096	TRUE	HKG	Asia Pacific	Hong Kong	133 ms	5819 kB/s
8.219.60.54	2087	TRUE	SIN	Asia Pacific	Singapore	218 ms	5816 kB/s
8.217.127.73	8443	TRUE	HKG	Asia Pacific	Hong Kong	63 ms	5812 kB/s
8.219.209.14	2083	TRUE	SIN	Asia Pacific	Singapore	213 ms	5810 kB/s
8.219.177.205	8443	TRUE	SIN	Asia Pacific	Singapore	218 ms	5807 kB/s
8.222.244.192	2087	TRUE	SIN	Asia Pacific	Singapore	217 ms	5800 kB/s
47.243.107.148	2087	TRUE	HKG	Asia Pacific	Hong Kong	105 ms	5790 kB/s
47.245.84.124	8443	TRUE	SIN	Asia Pacific	Singapore	219 ms	5784 kB/s
8.219.66.156	2053	TRUE	NRT	Asia Pacific	Tokyo	279 ms	5771 kB/s
8.219.147.58	2096	TRUE	SIN	Asia Pacific	Singapore	216 ms	5763 kB/s
47.236.80.110	2087	TRUE	SIN	Asia Pacific	Singapore	212 ms	5739 kB/s
8.210.107.246	2053	TRUE	HKG	Asia Pacific	Hong Kong	68 ms	5738 kB/s
47.236.254.120	2053	TRUE	SIN	Asia Pacific	Singapore	217 ms	5716 kB/s
47.242.17.250	2053	TRUE	HKG	Asia Pacific	Hong Kong	101 ms	5691 kB/s
8.222.137.192	2096	TRUE	SIN	Asia Pacific	Singapore	216 ms	5688 kB/s
47.236.80.110	2083	TRUE	SIN	Asia Pacific	Singapore	216 ms	5675 kB/s
8.219.248.47	2083	TRUE	SIN	Asia Pacific	Singapore	211 ms	5673 kB/s
8.217.159.210	2083	TRUE	HKG	Asia Pacific	Hong Kong	99 ms	5671 kB/s
8.219.174.213	2053	TRUE	SIN	Asia Pacific	Singapore	219 ms	5670 kB/s
8.219.106.156	2087	TRUE	SIN	Asia Pacific	Singapore	241 ms	5663 kB/s
47.237.83.20	2087	TRUE	SIN	Asia Pacific	Singapore	220 ms	5647 kB/s
47.237.14.220	2096	TRUE	SIN	Asia Pacific	Singapore	224 ms	5641 kB/s
8.210.34.188	2087	TRUE	HKG	Asia Pacific	Hong Kong	66 ms	5631 kB/s
47.236.180.24	2087	TRUE	SIN	Asia Pacific	Singapore	216 ms	5627 kB/s
8.217.248.220	2087	TRUE	HKG	Asia Pacific	Hong Kong	60 ms	5624 kB/s
8.210.207.214	2053	TRUE	HKG	Asia Pacific	Hong Kong	69 ms	5605 kB/s
47.236.202.91	2096	TRUE	SIN	Asia Pacific	Singapore	217 ms	5589 kB/s
8.219.100.168	2053	TRUE	SIN	Asia Pacific	Singapore	213 ms	5584 kB/s
47.245.102.52	8443	TRUE	SIN	Asia Pacific	Singapore	252 ms	5575 kB/s
8.219.174.213	2096	TRUE	SIN	Asia Pacific	Singapore	212 ms	5569 kB/s
8.219.114.201	8443	TRUE	SIN	Asia Pacific	Singapore	236 ms	5544 kB/s
8.218.204.128	8443	TRUE	HKG	Asia Pacific	Hong Kong	55 ms	5537 kB/s
8.210.39.96	2053	TRUE	HKG	Asia Pacific	Hong Kong	91 ms	5535 kB/s
8.219.132.64	2083	TRUE	SIN	Asia Pacific	Singapore	214 ms	5511 kB/s
47.242.234.127	2083	TRUE	HKG	Asia Pacific	Hong Kong	80 ms	5500 kB/s
8.219.97.50	2096	TRUE	SIN	Asia Pacific	Singapore	231 ms	5492 kB/s
8.219.229.190	8443	TRUE	SIN	Asia Pacific	Singapore	247 ms	5490 kB/s
8.219.201.245	8443	TRUE	SIN	Asia Pacific	Singapore	220 ms	5487 kB/s
8.222.137.192	443	TRUE	SIN	Asia Pacific	Singapore	206 ms	5487 kB/s
47.76.178.146	8443	TRUE	HKG	Asia Pacific	Hong Kong	73 ms	5486 kB/s
8.222.137.192	2053	TRUE	SIN	Asia Pacific	Singapore	216 ms	5483 kB/s
8.222.184.198	2083	TRUE	SIN	Asia Pacific	Singapore	237 ms	5470 kB/s
8.222.146.222	2087	TRUE	SIN	Asia Pacific	Singapore	226 ms	5466 kB/s
8.222.249.190	2053	TRUE	SIN	Asia Pacific	Singapore	222 ms	5461 kB/s
8.218.122.55	2096	TRUE	HKG	Asia Pacific	Hong Kong	75 ms	5455 kB/s
8.222.208.38	443	TRUE	SIN	Asia Pacific	Singapore	207 ms	5450 kB/s
47.236.202.91	2087	TRUE	SIN	Asia Pacific	Singapore	217 ms	5436 kB/s
47.245.114.163	2053	TRUE	SIN	Asia Pacific	Singapore	254 ms	5404 kB/s
8.219.199.220	2087	TRUE	SIN	Asia Pacific	Singapore	214 ms	5401 kB/s
8.210.245.224	2083	TRUE	HKG	Asia Pacific	Hong Kong	68 ms	5394 kB/s
47.236.202.91	2053	TRUE	SIN	Asia Pacific	Singapore	240 ms	5370 kB/s
47.243.86.79	2096	TRUE	HKG	Asia Pacific	Hong Kong	83 ms	5368 kB/s
47.243.139.85	2083	TRUE	HKG	Asia Pacific	Hong Kong	75 ms	5349 kB/s
8.219.191.40	2096	TRUE	SIN	Asia Pacific	Singapore	241 ms	5343 kB/s
8.222.183.242	8443	TRUE	SIN	Asia Pacific	Singapore	214 ms	5317 kB/s
47.243.60.150	2096	TRUE	HKG	Asia Pacific	Hong Kong	129 ms	5311 kB/s
8.219.194.170	2087	TRUE	SIN	Asia Pacific	Singapore	210 ms	5307 kB/s
8.222.181.117	2053	TRUE	SIN	Asia Pacific	Singapore	223 ms	5304 kB/s
47.236.253.41	2096	TRUE	SIN	Asia Pacific	Singapore	229 ms	5294 kB/s
8.219.139.13	2083	TRUE	SIN	Asia Pacific	Singapore	240 ms	5291 kB/s
8.222.134.170	2087	TRUE	SIN	Asia Pacific	Singapore	226 ms	5279 kB/s
47.236.158.158	2096	TRUE	SIN	Asia Pacific	Singapore	223 ms	5272 kB/s
47.236.10.182	2083	TRUE	SIN	Asia Pacific	Singapore	239 ms	5247 kB/s
8.219.142.191	8443	TRUE	SIN	Asia Pacific	Singapore	235 ms	5244 kB/s
47.243.86.79	8443	TRUE	HKG	Asia Pacific	Hong Kong	94 ms	5237 kB/s
8.218.142.253	2087	TRUE	HKG	Asia Pacific	Hong Kong	63 ms	5233 kB/s
47.242.234.127	2096	TRUE	HKG	Asia Pacific	Hong Kong	104 ms	5223 kB/s
8.219.111.175	2096	TRUE	SIN	Asia Pacific	Singapore	242 ms	5208 kB/s
47.236.253.41	2083	TRUE	SIN	Asia Pacific	Singapore	228 ms	5202 kB/s
8.222.156.242	2096	TRUE	SIN	Asia Pacific	Singapore	273 ms	5197 kB/s
47.243.234.9	2096	TRUE	HKG	Asia Pacific	Hong Kong	112 ms	5196 kB/s
8.219.229.190	2083	TRUE	SIN	Asia Pacific	Singapore	210 ms	5176 kB/s
8.210.34.188	2083	TRUE	HKG	Asia Pacific	Hong Kong	55 ms	5165 kB/s
47.236.10.182	2087	TRUE	SIN	Asia Pacific	Singapore	242 ms	5164 kB/s
47.245.84.124	2096	TRUE	SIN	Asia Pacific	Singapore	222 ms	5125 kB/s
8.222.179.231	2096	TRUE	SIN	Asia Pacific	Singapore	209 ms	5113 kB/s
47.245.86.230	2083	TRUE	SIN	Asia Pacific	Singapore	261 ms	5104 kB/s
8.210.34.188	2096	TRUE	HKG	Asia Pacific	Hong Kong	60 ms	5085 kB/s
47.243.27.217	8443	TRUE	HKG	Asia Pacific	Hong Kong	112 ms	5080 kB/s
47.236.93.176	2053	TRUE	SIN	Asia Pacific	Singapore	216 ms	5076 kB/s
47.236.125.62	2053	TRUE	NRT	Asia Pacific	Tokyo	317 ms	5074 kB/s
8.222.181.117	2096	TRUE	SIN	Asia Pacific	Singapore	226 ms	5052 kB/s
8.219.60.54	2053	TRUE	SIN	Asia Pacific	Singapore	227 ms	5045 kB/s
47.76.33.40	2053	TRUE	HKG	Asia Pacific	Hong Kong	83 ms	5043 kB/s
47.236.202.91	8443	TRUE	SIN	Asia Pacific	Singapore	217 ms	5036 kB/s
8.219.229.190	2096	TRUE	SIN	Asia Pacific	Singapore	222 ms	5023 kB/s
8.219.200.145	2096	TRUE	SIN	Asia Pacific	Singapore	222 ms	5011 kB/s
47.243.5.154	2083	TRUE	HKG	Asia Pacific	Hong Kong	141 ms	5007 kB/s
8.219.111.175	8443	TRUE	SIN	Asia Pacific	Singapore	229 ms	5006 kB/s
47.237.86.185	2096	TRUE	SIN	Asia Pacific	Singapore	235 ms	4981 kB/s
47.243.206.150	8443	TRUE	HKG	Asia Pacific	Hong Kong	96 ms	4980 kB/s
8.219.161.129	2087	TRUE	SIN	Asia Pacific	Singapore	204 ms	4955 kB/s
8.219.248.47	8443	TRUE	SIN	Asia Pacific	Singapore	237 ms	4949 kB/s
47.242.36.78	2087	TRUE	HKG	Asia Pacific	Hong Kong	81 ms	4926 kB/s
8.210.174.156	8443	TRUE	HKG	Asia Pacific	Hong Kong	70 ms	4906 kB/s
47.236.167.231	2083	TRUE	SIN	Asia Pacific	Singapore	213 ms	4905 kB/s
47.237.82.15	2087	TRUE	SIN	Asia Pacific	Singapore	215 ms	4901 kB/s
8.219.106.156	8443	TRUE	SIN	Asia Pacific	Singapore	212 ms	4898 kB/s
8.222.191.138	2053	TRUE	SIN	Asia Pacific	Singapore	209 ms	4885 kB/s
47.76.77.103	2096	TRUE	HKG	Asia Pacific	Hong Kong	98 ms	4881 kB/s
8.210.192.93	2083	TRUE	HKG	Asia Pacific	Hong Kong	65 ms	4866 kB/s
47.243.183.127	2087	TRUE	HKG	Asia Pacific	Hong Kong	98 ms	4858 kB/s
8.219.117.198	2053	TRUE	SIN	Asia Pacific	Singapore	220 ms	4828 kB/s
8.222.164.209	2083	TRUE	SIN	Asia Pacific	Singapore	219 ms	4826 kB/s
47.237.84.173	2083	TRUE	SIN	Asia Pacific	Singapore	212 ms	4818 kB/s
47.236.165.25	2083	TRUE	SIN	Asia Pacific	Singapore	218 ms	4814 kB/s
47.236.237.90	8443	TRUE	SIN	Asia Pacific	Singapore	216 ms	4795 kB/s
47.236.174.206	2087	TRUE	SIN	Asia Pacific	Singapore	215 ms	4794 kB/s
8.219.99.169	2083	TRUE	SIN	Asia Pacific	Singapore	215 ms	4793 kB/s
47.236.93.176	8443	TRUE	SIN	Asia Pacific	Singapore	217 ms	4776 kB/s
47.236.80.110	2096	TRUE	SIN	Asia Pacific	Singapore	209 ms	4761 kB/s
8.222.183.242	2087	TRUE	SIN	Asia Pacific	Singapore	221 ms	4734 kB/s
8.219.6.150	8443	TRUE	SIN	Asia Pacific	Singapore	221 ms	4719 kB/s
47.242.171.94	8443	TRUE	HKG	Asia Pacific	Hong Kong	84 ms	4699 kB/s
47.245.126.151	2053	TRUE	SIN	Asia Pacific	Singapore	253 ms	4678 kB/s
47.236.10.182	8443	TRUE	SIN	Asia Pacific	Singapore	243 ms	4676 kB/s
47.245.118.70	2053	TRUE	SIN	Asia Pacific	Singapore	234 ms	4668 kB/s
47.245.105.224	2087	TRUE	SIN	Asia Pacific	Singapore	234 ms	4665 kB/s
8.210.192.93	2096	TRUE	HKG	Asia Pacific	Hong Kong	92 ms	4652 kB/s
47.243.86.79	2083	TRUE	HKG	Asia Pacific	Hong Kong	94 ms	4641 kB/s
8.219.147.58	2087	TRUE	SIN	Asia Pacific	Singapore	232 ms	4614 kB/s
8.222.183.242	2096	TRUE	SIN	Asia Pacific	Singapore	233 ms	4610 kB/s
8.210.192.93	2087	TRUE	HKG	Asia Pacific	Hong Kong	65 ms	4592 kB/s
8.222.156.242	2087	TRUE	SIN	Asia Pacific	Singapore	231 ms	4591 kB/s
8.219.98.13	2087	TRUE	SIN	Asia Pacific	Singapore	215 ms	4585 kB/s
8.222.193.65	2096	TRUE	SIN	Asia Pacific	Singapore	211 ms	4580 kB/s
47.245.118.70	2087	TRUE	SIN	Asia Pacific	Singapore	265 ms	4565 kB/s
8.219.60.54	2083	TRUE	SIN	Asia Pacific	Singapore	219 ms	4556 kB/s
8.217.250.222	8443	TRUE	HKG	Asia Pacific	Hong Kong	56 ms	4530 kB/s
8.219.229.190	2053	TRUE	SIN	Asia Pacific	Singapore	243 ms	4507 kB/s
8.219.194.170	8443	TRUE	SIN	Asia Pacific	Singapore	211 ms	4489 kB/s
8.219.153.237	2083	TRUE	NRT	Asia Pacific	Tokyo	284 ms	4483 kB/s
47.242.176.237	2083	TRUE	HKG	Asia Pacific	Hong Kong	127 ms	4482 kB/s
8.217.250.222	2087	TRUE	HKG	Asia Pacific	Hong Kong	61 ms	4473 kB/s
47.243.234.9	2053	TRUE	HKG	Asia Pacific	Hong Kong	80 ms	4456 kB/s
47.236.180.51	8443	TRUE	SIN	Asia Pacific	Singapore	217 ms	4441 kB/s
47.236.167.231	8443	TRUE	SIN	Asia Pacific	Singapore	246 ms	4405 kB/s
8.219.191.40	2053	TRUE	SIN	Asia Pacific	Singapore	251 ms	4393 kB/s
47.236.93.176	2087	TRUE	SIN	Asia Pacific	Singapore	237 ms	4392 kB/s
8.222.167.147	2083	TRUE	SIN	Asia Pacific	Singapore	213 ms	4388 kB/s
8.219.66.156	2087	TRUE	NRT	Asia Pacific	Tokyo	285 ms	4362 kB/s
8.222.193.65	2087	TRUE	SIN	Asia Pacific	Singapore	210 ms	4335 kB/s
47.245.86.230	2053	TRUE	SIN	Asia Pacific	Singapore	229 ms	4319 kB/s
8.219.117.198	2096	TRUE	SIN	Asia Pacific	Singapore	220 ms	4308 kB/s
8.217.164.10	2096	TRUE	HKG	Asia Pacific	Hong Kong	75 ms	4280 kB/s
8.219.153.237	2096	TRUE	NRT	Asia Pacific	Tokyo	282 ms	4272 kB/s
47.242.79.71	2083	TRUE	HKG	Asia Pacific	Hong Kong	107 ms	4270 kB/s
8.222.193.65	2053	TRUE	SIN	Asia Pacific	Singapore	212 ms	4255 kB/s
8.219.229.190	2087	TRUE	SIN	Asia Pacific	Singapore	214 ms	4219 kB/s
47.245.102.52	2087	TRUE	SIN	Asia Pacific	Singapore	220 ms	4216 kB/s
8.222.208.38	2053	TRUE	SIN	Asia Pacific	Singapore	221 ms	4210 kB/s
47.237.100.206	2096	TRUE	SIN	Asia Pacific	Singapore	212 ms	4208 kB/s
47.243.74.220	2087	TRUE	HKG	Asia Pacific	Hong Kong	129 ms	4207 kB/s
47.236.158.158	2083	TRUE	SIN	Asia Pacific	Singapore	222 ms	4198 kB/s
8.219.1.92	2053	TRUE	SIN	Asia Pacific	Singapore	243 ms	4181 kB/s
8.219.98.13	2083	TRUE	SIN	Asia Pacific	Singapore	219 ms	4165 kB/s
8.219.98.13	8443	TRUE	SIN	Asia Pacific	Singapore	227 ms	4121 kB/s
47.237.95.156	2096	TRUE	SIN	Asia Pacific	Singapore	251 ms	4119 kB/s
8.222.165.117	2087	TRUE	SIN	Asia Pacific	Singapore	216 ms	4098 kB/s
8.210.146.108	2096	TRUE	HKG	Asia Pacific	Hong Kong	75 ms	4095 kB/s
8.210.174.156	2087	TRUE	HKG	Asia Pacific	Hong Kong	84 ms	4095 kB/s
8.222.191.138	2087	TRUE	SIN	Asia Pacific	Singapore	215 ms	4092 kB/s
8.219.201.245	2087	TRUE	SIN	Asia Pacific	Singapore	216 ms	4082 kB/s
8.219.153.237	8443	TRUE	NRT	Asia Pacific	Tokyo	295 ms	4077 kB/s
8.219.114.201	2083	TRUE	SIN	Asia Pacific	Singapore	239 ms	4071 kB/s
47.236.174.206	2053	TRUE	SIN	Asia Pacific	Singapore	220 ms	4058 kB/s
47.236.237.90	2087	TRUE	SIN	Asia Pacific	Singapore	233 ms	4056 kB/s
47.237.0.31	2087	TRUE	SIN	Asia Pacific	Singapore	224 ms	4049 kB/s
47.76.32.108	2087	TRUE	HKG	Asia Pacific	Hong Kong	63 ms	4047 kB/s
8.222.137.192	2083	TRUE	SIN	Asia Pacific	Singapore	212 ms	4047 kB/s
8.222.164.209	2053	TRUE	SIN	Asia Pacific	Singapore	254 ms	4044 kB/s
8.219.60.54	2096	TRUE	SIN	Asia Pacific	Singapore	225 ms	4004 kB/s
47.236.253.41	8443	TRUE	SIN	Asia Pacific	Singapore	219 ms	4002 kB/s
8.217.164.10	8443	TRUE	HKG	Asia Pacific	Hong Kong	65 ms	4002 kB/s
8.219.161.129	2096	TRUE	SIN	Asia Pacific	Singapore	218 ms	3999 kB/s
47.236.10.182	2096	TRUE	SIN	Asia Pacific	Singapore	227 ms	3970 kB/s
8.217.164.10	2087	TRUE	HKG	Asia Pacific	Hong Kong	77 ms	3961 kB/s
47.245.105.224	8443	TRUE	SIN	Asia Pacific	Singapore	226 ms	3925 kB/s
8.210.3.24	8443	TRUE	HKG	Asia Pacific	Hong Kong	69 ms	3912 kB/s
47.236.125.62	2083	TRUE	NRT	Asia Pacific	Tokyo	283 ms	3888 kB/s
47.243.5.154	2053	TRUE	HKG	Asia Pacific	Hong Kong	146 ms	3886 kB/s
47.236.254.120	2083	TRUE	SIN	Asia Pacific	Singapore	213 ms	3885 kB/s
8.222.162.45	2087	TRUE	SIN	Asia Pacific	Singapore	238 ms	3853 kB/s
47.238.164.202	443	TRUE	HKG	Asia Pacific	Hong Kong	70 ms	3852 kB/s
47.243.183.127	8443	TRUE	HKG	Asia Pacific	Hong Kong	138 ms	3852 kB/s
47.243.139.85	2087	TRUE	HKG	Asia Pacific	Hong Kong	72 ms	3851 kB/s
8.219.201.245	2053	TRUE	SIN	Asia Pacific	Singapore	226 ms	3849 kB/s
47.243.183.127	2083	TRUE	HKG	Asia Pacific	Hong Kong	140 ms	3849 kB/s
47.236.180.51	2053	TRUE	SIN	Asia Pacific	Singapore	212 ms	3839 kB/s
47.237.10.1	2096	TRUE	SIN	Asia Pacific	Singapore	225 ms	3817 kB/s
8.222.193.65	443	TRUE	SIN	Asia Pacific	Singapore	207 ms	3814 kB/s
47.243.74.220	2096	TRUE	HKG	Asia Pacific	Hong Kong	133 ms	3801 kB/s
8.219.4.122	2083	TRUE	SIN	Asia Pacific	Singapore	230 ms	3769 kB/s
47.236.158.158	2087	TRUE	SIN	Asia Pacific	Singapore	221 ms	3743 kB/s
47.237.81.112	2096	TRUE	SIN	Asia Pacific	Singapore	213 ms	3730 kB/s
47.243.169.63	2096	TRUE	HKG	Asia Pacific	Hong Kong	88 ms	3670 kB/s
8.219.174.213	2087	TRUE	SIN	Asia Pacific	Singapore	211 ms	3669 kB/s
47.236.180.51	2087	TRUE	SIN	Asia Pacific	Singapore	218 ms	3662 kB/s
8.222.150.197	2083	TRUE	SIN	Asia Pacific	Singapore	213 ms	3657 kB/s
8.219.114.201	2053	TRUE	SIN	Asia Pacific	Singapore	225 ms	3657 kB/s
47.242.202.230	2083	TRUE	HKG	Asia Pacific	Hong Kong	89 ms	3647 kB/s
47.245.84.124	2083	TRUE	SIN	Asia Pacific	Singapore	248 ms	3647 kB/s
8.210.3.24	2083	TRUE	HKG	Asia Pacific	Hong Kong	85 ms	3634 kB/s
8.210.3.24	2096	TRUE	HKG	Asia Pacific	Hong Kong	70 ms	3630 kB/s
47.243.203.119	8443	TRUE	HKG	Asia Pacific	Hong Kong	125 ms	3630 kB/s
47.242.174.27	2087	TRUE	HKG	Asia Pacific	Hong Kong	131 ms	3623 kB/s
8.210.34.188	8443	TRUE	HKG	Asia Pacific	Hong Kong	66 ms	3615 kB/s
47.242.171.94	2083	TRUE	HKG	Asia Pacific	Hong Kong	88 ms	3603 kB/s
8.218.204.128	2096	TRUE	HKG	Asia Pacific	Hong Kong	57 ms	3603 kB/s
47.243.60.150	2087	TRUE	HKG	Asia Pacific	Hong Kong	134 ms	3594 kB/s
8.210.34.188	2053	TRUE	HKG	Asia Pacific	Hong Kong	58 ms	3584 kB/s
8.222.137.192	2087	TRUE	SIN	Asia Pacific	Singapore	211 ms	3579 kB/s
47.242.36.78	2083	TRUE	HKG	Asia Pacific	Hong Kong	71 ms	3545 kB/s
8.219.153.237	2053	TRUE	NRT	Asia Pacific	Tokyo	288 ms	3536 kB/s
47.245.126.151	2083	TRUE	SIN	Asia Pacific	Singapore	230 ms	3513 kB/s
8.219.66.156	8443	TRUE	NRT	Asia Pacific	Tokyo	314 ms	3505 kB/s
47.237.11.182	2096	TRUE	SIN	Asia Pacific	Singapore	210 ms	3502 kB/s
47.236.158.158	2053	TRUE	SIN	Asia Pacific	Singapore	243 ms	3494 kB/s
8.210.245.224	8443	TRUE	HKG	Asia Pacific	Hong Kong	75 ms	3494 kB/s
8.210.175.109	8443	TRUE	HKG	Asia Pacific	Hong Kong	66 ms	3483 kB/s
8.219.66.156	2096	TRUE	NRT	Asia Pacific	Tokyo	323 ms	3477 kB/s
47.245.114.163	2096	TRUE	SIN	Asia Pacific	Singapore	237 ms	3471 kB/s
47.243.91.58	2096	TRUE	HKG	Asia Pacific	Hong Kong	71 ms	3455 kB/s
8.222.193.65	2083	TRUE	SIN	Asia Pacific	Singapore	216 ms	3452 kB/s
8.222.137.192	8443	TRUE	SIN	Asia Pacific	Singapore	218 ms	3449 kB/s
47.243.27.217	2096	TRUE	HKG	Asia Pacific	Hong Kong	69 ms	3411 kB/s
47.237.14.220	2087	TRUE	SIN	Asia Pacific	Singapore	217 ms	3409 kB/s
47.237.92.26	2087	TRUE	SIN	Asia Pacific	Singapore	213 ms	3392 kB/s
8.219.177.205	2096	TRUE	SIN	Asia Pacific	Singapore	238 ms	3367 kB/s
47.236.174.206	8443	TRUE	SIN	Asia Pacific	Singapore	232 ms	3356 kB/s
47.245.126.151	2087	TRUE	SIN	Asia Pacific	Singapore	229 ms	3324 kB/s
47.236.170.225	8443	TRUE	SIN	Asia Pacific	Singapore	218 ms	3279 kB/s
8.218.122.55	8443	TRUE	HKG	Asia Pacific	Hong Kong	76 ms	3272 kB/s
47.76.32.108	2053	TRUE	HKG	Asia Pacific	Hong Kong	69 ms	3270 kB/s
47.237.84.173	2096	TRUE	SIN	Asia Pacific	Singapore	209 ms	3266 kB/s
47.245.102.52	2053	TRUE	SIN	Asia Pacific	Singapore	225 ms	3243 kB/s
47.236.180.51	2083	TRUE	SIN	Asia Pacific	Singapore	221 ms	3215 kB/s
47.243.86.79	2053	TRUE	HKG	Asia Pacific	Hong Kong	91 ms	3214 kB/s
47.243.27.217	2083	TRUE	HKG	Asia Pacific	Hong Kong	109 ms	3202 kB/s
47.236.85.11	8443	TRUE	SIN	Asia Pacific	Singapore	208 ms	3172 kB/s
47.243.74.220	8443	TRUE	HKG	Asia Pacific	Hong Kong	101 ms	3117 kB/s
47.237.95.146	2096	TRUE	SIN	Asia Pacific	Singapore	214 ms	3106 kB/s
8.222.208.38	2087	TRUE	SIN	Asia Pacific	Singapore	227 ms	3097 kB/s
8.210.156.6	2083	TRUE	HKG	Asia Pacific	Hong Kong	63 ms	3068 kB/s
47.236.170.225	2053	TRUE	SIN	Asia Pacific	Singapore	226 ms	3058 kB/s
47.242.202.230	2053	TRUE	HKG	Asia Pacific	Hong Kong	97 ms	3038 kB/s
8.217.248.220	2096	TRUE	HKG	Asia Pacific	Hong Kong	95 ms	3012 kB/s
47.245.84.124	2087	TRUE	SIN	Asia Pacific	Singapore	218 ms	2994 kB/s
47.76.204.76	2053	TRUE	HKG	Asia Pacific	Hong Kong	60 ms	2943 kB/s
47.236.125.62	2087	TRUE	NRT	Asia Pacific	Tokyo	292 ms	2931 kB/s
47.245.102.52	2083	TRUE	SIN	Asia Pacific	Singapore	258 ms	2923 kB/s
8.222.208.38	2083	TRUE	SIN	Asia Pacific	Singapore	258 ms	2828 kB/s
47.243.169.63	2087	TRUE	HKG	Asia Pacific	Hong Kong	90 ms	2820 kB/s
8.222.193.65	8443	TRUE	SIN	Asia Pacific	Singapore	208 ms	2748 kB/s
47.242.176.237	2053	TRUE	HKG	Asia Pacific	Hong Kong	126 ms	2699 kB/s
47.76.94.15	2083	TRUE	HKG	Asia Pacific	Hong Kong	80 ms	2626 kB/s
47.76.77.103	8443	TRUE	HKG	Asia Pacific	Hong Kong	107 ms	2626 kB/s
47.237.95.13	2087	TRUE	SIN	Asia Pacific	Singapore	211 ms	2614 kB/s
47.236.125.62	8443	TRUE	NRT	Asia Pacific	Tokyo	293 ms	2607 kB/s
47.245.86.230	2087	TRUE	SIN	Asia Pacific	Singapore	282 ms	2572 kB/s
8.222.208.38	2096	TRUE	SIN	Asia Pacific	Singapore	235 ms	2478 kB/s
47.242.54.157	2087	TRUE	HKG	Asia Pacific	Hong Kong	64 ms	2462 kB/s
47.236.170.225	2096	TRUE	SIN	Asia Pacific	Singapore	210 ms	2444 kB/s
47.243.203.119	2083	TRUE	HKG	Asia Pacific	Hong Kong	100 ms	2426 kB/s
47.236.237.90	2053	TRUE	SIN	Asia Pacific	Singapore	241 ms	2258 kB/s
8.217.121.207	2087	TRUE	HKG	Asia Pacific	Hong Kong	66 ms	2159 kB/s
8.217.248.220	8443	TRUE	HKG	Asia Pacific	Hong Kong	71 ms	2134 kB/s
8.218.142.253	8443	TRUE	HKG	Asia Pacific	Hong Kong	61 ms	2118 kB/s
47.242.155.183	2053	TRUE	HKG	Asia Pacific	Hong Kong	61 ms	2063 kB/s
47.237.8.82	2053	TRUE	SIN	Asia Pacific	Singapore	262 ms	2022 kB/s
47.245.114.163	2087	TRUE	SIN	Asia Pacific	Singapore	235 ms	1942 kB/s
47.245.105.224	2053	TRUE	SIN	Asia Pacific	Singapore	230 ms	1884 kB/s
8.222.208.38	8443	TRUE	SIN	Asia Pacific	Singapore	246 ms	1849 kB/s
47.76.146.1	2083	TRUE	HKG	Asia Pacific	Hong Kong	112 ms	1836 kB/s
47.76.94.15	2087	TRUE	HKG	Asia Pacific	Hong Kong	74 ms	1812 kB/s
47.76.32.108	8443	TRUE	HKG	Asia Pacific	Hong Kong	96 ms	1692 kB/s
47.245.86.230	8443	TRUE	SIN	Asia Pacific	Singapore	282 ms	1641 kB/s
8.219.66.156	2083	TRUE	NRT	Asia Pacific	Tokyo	283 ms	1612 kB/s
8.218.204.128	2087	TRUE	HKG	Asia Pacific	Hong Kong	59 ms	1545 kB/s
47.76.77.103	2053	TRUE	HKG	Asia Pacific	Hong Kong	92 ms	1496 kB/s
8.217.121.207	2053	TRUE	HKG	Asia Pacific	Hong Kong	65 ms	1374 kB/s
8.210.9.129	2096	TRUE	HKG	Asia Pacific	Hong Kong	64 ms	1311 kB/s
47.242.202.230	2096	TRUE	HKG	Asia Pacific	Hong Kong	67 ms	1267 kB/s
8.217.132.184	443	TRUE	HKG	Asia Pacific	Hong Kong	60 ms	1257 kB/s
8.218.204.128	2053	TRUE	HKG	Asia Pacific	Hong Kong	59 ms	1231 kB/s
47.76.204.76	2083	TRUE	HKG	Asia Pacific	Hong Kong	65 ms	1158 kB/s
8.210.245.224	2096	TRUE	HKG	Asia Pacific	Hong Kong	65 ms	1088 kB/s
8.217.90.154	443	TRUE	HKG	Asia Pacific	Hong Kong	59 ms	1062 kB/s
8.210.245.224	2087	TRUE	HKG	Asia Pacific	Hong Kong	77 ms	1057 kB/s
47.76.204.76	2087	TRUE	HKG	Asia Pacific	Hong Kong	69 ms	956 kB/s
8.218.3.12	2087	TRUE	HKG	Asia Pacific	Hong Kong	64 ms	895 kB/s
47.242.176.237	2096	TRUE	HKG	Asia Pacific	Hong Kong	88 ms	879 kB/s
47.76.204.76	8443	TRUE	HKG	Asia Pacific	Hong Kong	78 ms	873 kB/s
8.210.119.11	2083	TRUE	HKG	Asia Pacific	Hong Kong	61 ms	751 kB/s
8.210.9.129	2083	TRUE	HKG	Asia Pacific	Hong Kong	70 ms	748 kB/s
8.218.3.12	8443	TRUE	HKG	Asia Pacific	Hong Kong	66 ms	668 kB/s
47.76.146.1	2053	TRUE	HKG	Asia Pacific	Hong Kong	100 ms	649 kB/s
47.76.49.246	2087	TRUE	HKG	Asia Pacific	Hong Kong	105 ms	623 kB/s
8.218.3.12	2083	TRUE	HKG	Asia Pacific	Hong Kong	63 ms	528 kB/s
8.218.53.110	2087	TRUE	HKG	Asia Pacific	Hong Kong	60 ms	483 kB/s
8.217.121.207	8443	TRUE	HKG	Asia Pacific	Hong Kong	62 ms	477 kB/s
47.90.141.204	443	TRUE	LAX	North America	Los Angeles	265 ms	473 kB/s
8.217.121.207	2096	TRUE	HKG	Asia Pacific	Hong Kong	79 ms	471 kB/s
47.76.204.76	2096	TRUE	HKG	Asia Pacific	Hong Kong	67 ms	460 kB/s
47.76.146.1	2087	TRUE	HKG	Asia Pacific	Hong Kong	90 ms	447 kB/s
8.218.122.55	2087	TRUE	HKG	Asia Pacific	Hong Kong	76 ms	406 kB/s
8.218.3.12	2096	TRUE	HKG	Asia Pacific	Hong Kong	68 ms	368 kB/s
8.210.65.1	2083	TRUE	HKG	Asia Pacific	Hong Kong	73 ms	352 kB/s
47.243.90.180	2053	TRUE	HKG	Asia Pacific	Hong Kong	83 ms	336 kB/s
47.57.14.118	443	TRUE	SJC	North America	San Jose	106 ms	224 kB/s
47.76.49.246	2053	TRUE	HKG	Asia Pacific	Hong Kong	118 ms	201 kB/s
47.242.202.230	2087	TRUE	HKG	Asia Pacific	Hong Kong	74 ms	182 kB/s
47.236.113.184	443	TRUE	SIN	Asia Pacific	Singapore	229 ms	128 kB/s
47.242.202.230	8443	TRUE	HKG	Asia Pacific	Hong Kong	65 ms	115 kB/s
8.222.214.231	2053	TRUE	SIN	Asia Pacific	Singapore	261 ms	26 kB/s
47.237.83.20	2096	TRUE	SIN	Asia Pacific	Singapore	243 ms	24 kB/s
47.89.244.253	443	TRUE	SJC	North America	San Jose	170 ms	22 kB/s
8.218.63.172	443	TRUE	HKG	Asia Pacific	Hong Kong	57 ms	8 kB/s
8.219.200.145	2083	TRUE	SIN	Asia Pacific	Singapore	208 ms	0 kB/s
8.210.175.109	2053	TRUE	HKG	Asia Pacific	Hong Kong	69 ms	0 kB/s
8.210.175.109	2083	TRUE	HKG	Asia Pacific	Hong Kong	81 ms	0 kB/s
8.210.175.109	2087	TRUE	HKG	Asia Pacific	Hong Kong	63 ms	0 kB/s
47.243.91.58	8443	TRUE	HKG	Asia Pacific	Hong Kong	95 ms	0 kB/s
8.210.175.109	2096	TRUE	HKG	Asia Pacific	Hong Kong	70 ms	0 kB/s
47.243.107.148	8443	TRUE	HKG	Asia Pacific	Hong Kong	95 ms	0 kB/s
47.242.252.237	8443	TRUE	HKG	Asia Pacific	Hong Kong	105 ms	0 kB/s
8.210.9.129	8443	TRUE	HKG	Asia Pacific	Hong Kong	62 ms	0 kB/s
47.236.102.102	2096	TRUE	SIN	Asia Pacific	Singapore	217 ms	0 kB/s
47.243.90.180	2096	TRUE	HKG	Asia Pacific	Hong Kong	128 ms	0 kB/s
47.237.95.146	2087	TRUE	SIN	Asia Pacific	Singapore	235 ms	0 kB/s
47.242.157.96	8443	TRUE	HKG	Asia Pacific	Hong Kong	103 ms	0 kB/s
47.237.94.140	2083	TRUE	SIN	Asia Pacific	Singapore	207 ms	0 kB/s
8.217.232.246	2083	TRUE	HKG	Asia Pacific	Hong Kong	62 ms	0 kB/s
47.236.254.120	2096	TRUE	SIN	Asia Pacific	Singapore	221 ms	0 kB/s
8.218.122.55	2053	TRUE	HKG	Asia Pacific	Hong Kong	67 ms	0 kB/s
8.222.214.231	2087	TRUE	SIN	Asia Pacific	Singapore	255 ms	0 kB/s
47.236.253.41	2053	TRUE	SIN	Asia Pacific	Singapore	226 ms	0 kB/s
47.236.237.90	2096	TRUE	SIN	Asia Pacific	Singapore	238 ms	0 kB/s
8.219.104.37	2096	TRUE	SIN	Asia Pacific	Singapore	241 ms	0 kB/s
47.236.102.102	2053	TRUE	SIN	Asia Pacific	Singapore	211 ms	0 kB/s
8.219.126.240	2087	TRUE	SIN	Asia Pacific	Singapore	221 ms	0 kB/s
47.236.254.120	8443	TRUE	SIN	Asia Pacific	Singapore	214 ms	0 kB/s
